title,address,street_address,number
Perfect Hair Designs,"Deerfield Beach, FL 33441",1031 S Federal Hwy,(954) 588-8948
Blades and Shears Hair Company,"Deerfield Beach, FL 33441",608 S Federal Hwy,(954) 637-4141
I Will Beautify You,,,(561) 699-8655
Supercuts,"Deerfield Beach, FL 33441",263 S Federal Hwy,(954) 360-9721
Serenity Hair Boutique,"Deerfield Beach, FL 33441",269 S Dixie Hwy,(754) 212-2747
Blades and Shear Hair Company,"Deerfield Beach, FL 33441",81 N Deerfield Ave,(954) 531-0134
Advanced Laser Hair Solutons,"Boca Raton, FL 33427",,(561) 305-5900
Haircolorxpress Intl,"Boca Raton, FL 33432",,(561) 362-6606
Century Paza,"Deerfield Beach, FL 33442",1812 W Hillsboro Blvd,(954) 427-4188
Regis Salons,"Boca Raton, FL 33432",1515 S Federal Hwy,(561) 883-7665
Classy Icon,"Boca Raton, FL 33432",520 S Federal Hwy,(786) 991-4893
Glow a blowdry bar,"Pompano Beach, FL 33062",2001 N Federal Hwy,(862) 215-7095
Cutting Klub Hair Designs,"Pompano Beach, FL 33062",1901 N Federal Hwy Unit 211,(954) 783-3019
Studio 10 Boca Raton,"Boca Raton, FL 33432",10 E Palmetto Park Rd,(561) 391-2992
Gallery White Hair Salon,"Boca Raton, FL 33432",99 SE Mizner Blvd Ste 140,(561) 392-1550
Blow Zone Boca,"Boca Raton, FL 33432",435 S Federal Hwy,(561) 717-8182
Nanado Hair Shop,"Boca Raton, FL 33432",180 S Federal Hwy Suite B,(561) 362-7413
Carlos Di Carlos Hair Ar T Std,"Boca Raton, FL 33432",10 E Palmetto Park Rd Ste 103,(561) 391-2992
Personal Hair Center Studio,"Boca Raton, FL 33432",127 E Palmetto Park Rd,(561) 549-0007
Great Clips,"Boca Raton, FL 33486",1367 W Palmetto Park Rd,(561) 757-5064
Guys & Dolls,"Pompano Beach, FL 33061",Po Box 462,(954) 782-9820
La Mirage Of Boca Raton Inc,"Boca Raton, FL 33432",121 SE Mizner Blvd,(561) 394-2707
Salon Oasis Of Boca Raton,"Boca Raton, FL 33434",6100 Glades Rd,(561) 482-9610
Hairrahs,"Deerfield Beach, FL 33442",3748 W Hillsboro Blvd,(954) 427-0990
Greenroom Salon,"Boca Raton, FL 33433",21330 Saint Andrews Blvd,(561) 447-9506
Executive Hair Additions,"Boca Raton, FL 33432","1580 NW 2nd Ave, #1",(561) 693-0034
Viva Hair Studio,"Boca Raton, FL 33431",2800 N Federal Hwy,(561) 391-9383
Blow Out Parlour,"Boca Raton, FL 33431",4400 N. Federal Hwy #184,(561) 299-0549
Bliss Hair Life,"Boca Raton, FL 33432",1580 NW 2nd Ave Ste 4,(850) 519-7597
Maryclara,"Boca Raton, FL 33431",2100 N Federal Hwy,(561) 809-2823
